imputation_cols,imputation_values
STK001,59.600555895418225
STK004,66.63967398039122
STK009,377.4543883637391
STK012,12.273065736691827
STK019,45.97413933151209
STK020,58.30799966421868
